"Date","Price","Open","High","Low","Vol.","Change %"
"May 21, 2021","13,470.99","13,616.19","13,616.58","13,463.26","786.55M","-0.48%"
"May 20, 2021","13,535.74","13,356.63","13,563.52","13,355.71","810.41M","1.77%"
"May 19, 2021","13,299.74","13,078.19","13,304.61","13,072.23","879.28M","-0.03%"
"May 18, 2021","13,303.64","13,416.90","13,485.34","13,299.92","852.73M","-0.56%"
"May 17, 2021","13,379.05","13,368.80","13,399.17","13,265.40","799.86M","-0.38%"
"May 14, 2021","13,429.98","13,255.64","13,460.88","13,242.97","854.90M","2.32%"
"May 13, 2021","13,124.99","13,150.94","13,247.87","13,007.24","986.84M","0.72%"
"May 12, 2021","13,031.68","13,215.49","13,288.61","13,002.54","985.26M","-2.67%"
"May 11, 2021","13,389.43","13,115.85","13,423.31","13,107.67","983.05M","-0.09%"
"May 10, 2021","13,401.86","13,687.59","13,687.93","13,401.75","1.02B","-2.55%"
"May 07, 2021","13,752.24","13,723.09","13,828.62","13,690.75","873.19M","0.88%"
"May 06, 2021","13,632.84","13,557.83","13,635.74","13,439.39","1.04B","0.37%"
"May 05, 2021","13,582.42","13,731.13","13,753.05","13,553.93","909.08M","-0.37%"
"May 04, 2021","13,633.50","13,774.51","13,795.57","13,485.59","1.09B","-1.88%"
"May 03, 2021","13,895.12","14,031.77","14,042.12","13,881.51","919.69M","-0.48%"
"Apr 30, 2021","13,962.68","13,970.73","14,084.76","13,941.63","1.02B","-0.85%"
"Apr 29, 2021","14,082.55","14,204.51","14,211.57","13,952.80","994.15M","0.22%"
"Apr 28, 2021","14,051.03","14,082.78","14,133.65","14,034.70","861.23M","-0.28%"
"Apr 27, 2021","14,090.22","14,170.91","14,171.24","14,064.28","871.20M","-0.34%"
"Apr 26, 2021","14,138.78","14,052.38","14,154.03","14,019.50","867.75M","0.87%"
"Apr 23, 2021","14,016.81","13,861.37","14,062.74","13,856.83","843.30M","1.44%"
"Apr 22, 2021","13,818.41","13,952.57","14,015.87","13,771.04","871.28M","-0.94%"
"Apr 21, 2021","13,950.22","13,745.77","13,951.35","13,706.86","819.76M","1.19%"
"Apr 20, 2021","13,786.27","13,894.46","13,927.67","13,698.67","875.27M","-0.92%"
"Apr 19, 2021","13,914.76","13,984.58","14,041.79","13,842.57","907.06M","-0.98%"
"Apr 16, 2021","14,052.34","14,059.11","14,062.50","13,977.05","962.78M","0.10%"
"Apr 15, 2021","14,038.76","13,983.23","14,049.13","13,970.42","867.56M","1.31%"
"Apr 14, 2021","13,857.84","14,004.08","14,033.63","13,839.04","812.85M","-0.99%"
"Apr 13, 2021","13,996.10","13,902.45","14,011.51","13,902.45","839.45M","1.05%"
"Apr 12, 2021","13,850.00","13,854.44","13,877.00","13,783.95","894.01M","-0.36%"
"Apr 09, 2021","13,900.18","13,787.01","13,905.41","13,748.35","785.76M","0.51%"
"Apr 08, 2021","13,829.31","13,796.89","13,830.14","13,758.71","870.92M","1.03%"
"Apr 07, 2021","13,688.84","13,675.30","13,733.03","13,653.58","819.48M","-0.07%"
"Apr 06, 2021","13,698.38","13,681.67","13,776.71","13,674.28","870.63M","-0.05%"
"Apr 05, 2021","13,705.59","13,594.90","13,720.58","13,582.75","916.61M","1.67%"
"Apr 01, 2021","13,480.11","13,414.33","13,487.08","13,404.18","939.16M","1.76%"
"Mar 31, 2021","13,246.87","13,122.57","13,325.54","13,118.38","1.21B","1.54%"
"Mar 30, 2021","13,045.39","13,008.80","13,075.75","12,922.57","983.51M","-0.11%"
"Mar 29, 2021","13,059.65","13,103.97","13,143.41","12,968.16","1.06B","-0.60%"
"Mar 26, 2021","13,138.72","12,996.03","13,149.55","12,878.72","1.14B","1.24%"
"Mar 25, 2021","12,977.68","12,844.58","13,021.86","12,786.81","1.17B","0.12%"
"Mar 24, 2021","12,961.89","13,289.24","13,292.92","12,961.35","1.19B","-2.01%"
"Mar 23, 2021","13,227.70","13,381.43","13,405.14","13,202.43","1.19B","-1.12%"
"Mar 22, 2021","13,377.54","13,278.78","13,455.64","13,278.78","1.11B","1.23%"
"Mar 19, 2021","13,215.24","13,119.90","13,252.37","13,039.45","2.93B","0.76%"
"Mar 18, 2021","13,116.17","13,349.20","13,384.46","13,101.92","1.22B","-3.02%"
"Mar 17, 2021","13,525.20","13,336.92","13,595.00","13,272.69","1.18B","0.40%"
"Mar 16, 2021","13,471.57","13,523.17","13,620.71","13,397.08","1.10B","0.09%"
"Mar 15, 2021","13,459.71","13,323.47","13,460.35","13,272.50","1.13B","1.05%"
"Mar 12, 2021","13,319.87","13,222.81","13,324.69","13,158.72","1.09B","-0.59%"
"Mar 11, 2021","13,398.67","13,273.31","13,433.62","13,246.33","1.19B","2.52%"
"Mar 10, 2021","13,068.83","13,234.73","13,277.11","13,035.44","1.22B","-0.04%"
"Mar 09, 2021","13,073.83","12,923.07","13,151.54","12,882.49","1.28B","3.69%"
"Mar 08, 2021","12,609.16","12,904.26","13,001.00","12,599.23","1.27B","-2.41%"
"Mar 05, 2021","12,920.15","12,860.04","12,941.21","12,397.05","1.56B","1.55%"
"Mar 04, 2021","12,723.47","12,953.99","13,068.71","12,553.96","1.58B","-2.11%"
"Mar 03, 2021","12,997.75","13,336.25","13,372.52","12,995.07","1.16B","-2.70%"
"Mar 02, 2021","13,358.79","13,599.45","13,601.33","13,352.00","1.08B","-1.69%"
"Mar 01, 2021","13,588.83","13,406.16","13,596.59","13,362.66","1.10B","3.01%"
"Feb 26, 2021","13,192.34","13,232.90","13,368.06","13,024.53","1.44B","0.56%"
"Feb 25, 2021","13,119.43","13,512.64","13,602.86","13,066.38","1.33B","-3.52%"
"Feb 24, 2021","13,597.97","13,400.25","13,607.36","13,286.59","1.24B","0.99%"
"Feb 23, 2021","13,465.20","13,262.61","13,526.09","13,003.98","1.64B","-0.50%"
"Feb 22, 2021","13,533.05","13,714.20","13,757.06","13,530.96","1.37B","-2.46%"
"Feb 19, 2021","13,874.46","13,929.20","13,985.58","13,842.60","1.31B","0.07%"
"Feb 18, 2021","13,865.36","13,814.67","13,905.96","13,714.35","1.24B","-0.72%"
"Feb 17, 2021","13,965.50","13,911.65","13,976.43","13,804.26","1.35B","-0.58%"
"Feb 16, 2021","14,047.50","14,152.21","14,175.12","13,995.45","1.49B","-0.34%"
"Feb 12, 2021","14,095.47","13,979.21","14,102.04","13,937.71","1.32B","0.50%"
"Feb 11, 2021","14,025.77","14,045.21","14,058.91","13,916.84","1.98B","0.38%"
"Feb 10, 2021","13,972.53","14,093.35","14,109.12","13,845.47","1.83B","-0.25%"
"Feb 09, 2021","14,007.70","13,966.82","14,044.95","13,966.55","1.52B","0.14%"
"Feb 08, 2021","13,987.64","13,937.06","13,987.74","13,894.15","1.61B","0.95%"
"Feb 05, 2021","13,856.30","13,824.88","13,878.16","13,761.66","1.26B","0.57%"
"Feb 04, 2021","13,777.74","13,674.06","13,778.42","13,631.62","1.29B","1.23%"
"Feb 03, 2021","13,610.54","13,718.31","13,723.83","13,585.34","1.36B","-0.02%"
"Feb 02, 2021","13,612.78","13,543.10","13,652.70","13,535.86","1.43B","1.56%"
"Feb 01, 2021","13,403.39","13,226.18","13,431.46","13,132.47","1.39B","2.55%"
"Jan 29, 2021","13,070.70","13,284.72","13,322.00","12,985.05","1.78B","-2.00%"
"Jan 28, 2021","13,337.16","13,323.29","13,507.64","13,316.52","2.16B","0.50%"
"Jan 27, 2021","13,270.60","13,486.58","13,538.42","13,192.91","2.19B","-2.61%"
"Jan 26, 2021","13,626.07","13,681.72","13,702.69","13,603.19","1.25B","-0.07%"
"Jan 25, 2021","13,635.99","13,681.21","13,728.98","13,368.68","1.43B","0.69%"
"Jan 22, 2021","13,543.06","13,474.80","13,567.14","13,463.66","1.13B","0.09%"
"Jan 21, 2021","13,530.92","13,521.48","13,560.35","13,454.08","1.34B","0.55%"
"Jan 20, 2021","13,457.25","13,342.55","13,486.13","13,329.77","1.29B","1.97%"
"Jan 19, 2021","13,197.18","13,132.73","13,206.86","13,078.70","1.22B","1.53%"
"Jan 15, 2021","12,998.50","13,099.89","13,139.83","12,949.76","1.26B","-0.87%"
"Jan 14, 2021","13,112.64","13,174.75","13,220.16","13,098.41","1.21B","-0.12%"
"Jan 13, 2021","13,128.95","13,088.01","13,171.15","13,051.07","1.27B","0.43%"
"Jan 12, 2021","13,072.43","13,062.06","13,105.04","12,963.92","1.25B","0.28%"
"Jan 11, 2021","13,036.43","13,048.78","13,138.27","12,999.51","1.24B","-1.25%"
"Jan 08, 2021","13,201.97","13,160.21","13,208.09","13,036.55","1.33B","1.03%"
"Jan 07, 2021","13,067.48","12,867.34","13,090.91","12,867.34","1.25B","2.56%"
"Jan 06, 2021","12,740.79","12,666.15","12,909.63","12,649.99","1.45B","-0.61%"
"Jan 05, 2021","12,818.96","12,665.65","12,828.27","12,665.65","1.21B","0.95%"
"Jan 04, 2021","12,698.45","12,958.52","12,958.72","12,543.24","1.27B","-1.47%"
"Dec 31, 2020","12,888.28","12,877.09","12,902.07","12,821.23","987.15M","0.14%"
"Dec 30, 2020","12,870.00","12,906.51","12,924.93","12,857.76","954.01M","0.15%"
"Dec 29, 2020","12,850.22","12,965.39","12,973.33","12,821.96","896.81M","-0.38%"
"Dec 28, 2020","12,899.42","12,914.64","12,930.89","12,827.45","978.34M","0.74%"
"Dec 24, 2020","12,804.73","12,791.54","12,833.55","12,767.64","584.09M","0.26%"
"Dec 23, 2020","12,771.11","12,834.94","12,841.92","12,758.67","1.23B","-0.29%"
"Dec 22, 2020","12,807.92","12,785.22","12,840.57","12,695.31","1.11B","0.51%"
"Dec 21, 2020","12,742.52","12,596.14","12,751.27","12,525.22","1.11B","-0.10%"
"Dec 18, 2020","12,755.64","12,804.93","12,809.60","12,654.61","2.81B","-0.07%"
"Dec 17, 2020","12,764.75","12,730.78","12,765.25","12,696.35","1.02B","0.84%"
"Dec 16, 2020","12,658.19","12,611.04","12,687.32","12,566.38","985.82M","0.50%"
"Dec 15, 2020","12,595.06","12,543.26","12,596.13","12,465.42","915.62M","1.25%"
"Dec 14, 2020","12,440.04","12,447.44","12,543.00","12,432.71","983.31M","0.50%"
"Dec 11, 2020","12,377.87","12,336.79","12,383.50","12,246.77","876.15M","-0.23%"
"Dec 10, 2020","12,405.81","12,247.55","12,431.56","12,214.74","893.26M","0.54%"
"Dec 09, 2020","12,338.95","12,591.68","12,607.14","12,290.78","1.07B","-1.94%"
"Dec 08, 2020","12,582.77","12,503.17","12,594.54","12,453.21","973.77M","0.50%"
"Dec 07, 2020","12,519.95","12,461.00","12,536.23","12,460.55","931.78M","0.45%"
"Dec 04, 2020","12,464.23","12,399.32","12,464.23","12,376.44","1.00B","0.70%"
"Dec 03, 2020","12,377.18","12,369.26","12,439.02","12,356.99","928.31M","0.23%"
"Dec 02, 2020","12,349.37","12,285.75","12,360.06","12,217.35","985.81M","-0.05%"
"Dec 01, 2020","12,355.11","12,313.36","12,405.79","12,263.93","1.28B","1.28%"
"Nov 30, 2020","12,198.74","12,224.25","12,244.65","12,027.16","1.76B","-0.06%"
"Nov 27, 2020","12,205.85","12,159.18","12,236.23","12,154.57","655.99M","0.92%"
"Nov 25, 2020","12,094.40","12,053.89","12,114.77","12,020.95","899.55M","0.47%"
"Nov 24, 2020","12,037.33","11,939.33","12,049.88","11,863.45","1.27B","1.32%"
"Nov 23, 2020","11,880.63","11,916.76","11,949.33","11,796.53","1.05B","0.22%"
"Nov 20, 2020","11,854.97","11,892.70","11,935.47","11,852.51","1.12B","-0.42%"
"Nov 19, 2020","11,904.71","11,779.03","11,912.64","11,760.98","1.08B","0.87%"
"Nov 18, 2020","11,801.60","11,896.06","11,942.49","11,799.96","963.95M","-0.82%"
"Nov 17, 2020","11,899.34","11,913.35","11,950.18","11,852.41","849.41M","-0.21%"
"Nov 16, 2020","11,924.13","11,847.11","11,937.72","11,814.89","935.40M","0.80%"
"Nov 13, 2020","11,829.29","11,794.94","11,849.78","11,715.52","787.30M","1.02%"
"Nov 12, 2020","11,709.59","11,802.50","11,847.84","11,666.37","829.44M","-0.65%"
"Nov 11, 2020","11,786.43","11,656.65","11,793.58","11,638.90","819.26M","2.01%"
"Nov 10, 2020","11,553.86","11,622.44","11,665.87","11,424.61","1.03B","-1.37%"
"Nov 09, 2020","11,713.78","12,046.66","12,108.07","11,703.49","1.41B","-1.53%"
"Nov 06, 2020","11,895.23","11,869.90","11,920.53","11,737.13","893.72M","0.04%"
"Nov 05, 2020","11,890.93","11,816.33","11,924.28","11,784.15","828.68M","2.59%"
"Nov 04, 2020","11,590.78","11,443.77","11,663.31","11,394.21","852.15M","3.85%"
"Nov 03, 2020","11,160.57","11,038.66","11,213.92","11,004.84","710.54M","1.85%"
"Nov 02, 2020","10,957.61","11,010.45","11,071.08","10,830.94","715.79M","0.42%"
"Oct 30, 2020","10,911.59","11,103.47","11,129.81","10,822.57","873.94M","-2.45%"
"Oct 29, 2020","11,185.59","11,064.47","11,287.63","11,030.19","733.27M","1.64%"
"Oct 28, 2020","11,004.87","11,230.90","11,249.95","10,999.07","856.55M","-3.73%"
"Oct 27, 2020","11,431.35","11,409.34","11,465.06","11,361.86","676.35M","0.64%"
"Oct 26, 2020","11,358.94","11,440.64","11,545.63","11,221.06","690.96M","-1.64%"
"Oct 23, 2020","11,548.28","11,536.00","11,548.85","11,434.86","657.56M","0.37%"
"Oct 22, 2020","11,506.01","11,526.98","11,548.77","11,369.29","750.16M","0.19%"
"Oct 21, 2020","11,484.69","11,530.39","11,613.79","11,476.08","753.85M","-0.28%"
"Oct 20, 2020","11,516.49","11,531.83","11,632.89","11,471.24","714.59M","0.33%"
"Oct 19, 2020","11,478.88","11,732.34","11,778.11","11,454.57","755.00M","-1.65%"
"Oct 16, 2020","11,671.56","11,761.83","11,827.42","11,648.53","741.76M","-0.36%"
"Oct 15, 2020","11,713.87","11,559.88","11,740.68","11,559.10","661.41M","-0.47%"
"Oct 14, 2020","11,768.73","11,889.07","11,939.92","11,714.35","697.01M","-0.80%"
"Oct 13, 2020","11,863.90","11,901.76","11,946.98","11,821.83","729.33M","-0.10%"
"Oct 12, 2020","11,876.26","11,732.33","11,965.54","11,704.13","830.65M","2.56%"
"Oct 09, 2020","11,579.94","11,487.60","11,581.23","11,476.66","729.77M","1.39%"
"Oct 08, 2020","11,420.98","11,443.35","11,448.23","11,384.33","715.15M","0.50%"
"Oct 07, 2020","11,364.60","11,271.68","11,380.56","11,258.35","834.93M","1.88%"
"Oct 06, 2020","11,154.60","11,314.53","11,392.41","11,124.45","936.32M","-1.57%"
"Oct 05, 2020","11,332.49","11,169.10","11,335.21","11,162.52","781.32M","2.32%"
"Oct 02, 2020","11,075.02","11,082.53","11,244.87","11,033.69","810.86M","-2.22%"
"Oct 01, 2020","11,326.51","11,291.99","11,344.13","11,240.53","843.82M","1.42%"
"Sep 30, 2020","11,167.51","11,092.90","11,277.96","11,092.90","1.02B","0.74%"
"Sep 29, 2020","11,085.25","11,109.00","11,153.23","11,065.63","763.32M","-0.29%"
"Sep 28, 2020","11,117.52","11,084.38","11,120.80","11,019.14","840.42M","1.87%"
"Sep 25, 2020","10,913.56","10,680.46","10,939.55","10,639.98","820.01M","2.26%"
"Sep 24, 2020","10,672.27","10,551.02","10,799.55","10,520.22","923.44M","0.37%"
"Sep 23, 2020","10,632.99","10,950.83","10,962.02","10,612.92","962.40M","-3.02%"
"Sep 22, 2020","10,963.64","10,873.30","10,979.65","10,737.52","845.80M","1.71%"
"Sep 21, 2020","10,778.80","10,610.14","10,782.74","10,519.49","1.02B","-0.13%"
"Sep 18, 2020","10,793.28","10,973.45","10,977.68","10,639.95","2.41B","-1.07%"
"Sep 17, 2020","10,910.28","10,796.05","10,974.45","10,783.81","936.99M","-1.27%"
"Sep 16, 2020","11,050.47","11,222.08","11,245.42","11,046.43","923.76M","-1.25%"
"Sep 15, 2020","11,190.32","11,193.96","11,244.46","11,127.98","828.01M","1.21%"
"Sep 14, 2020","11,056.65","11,010.14","11,118.28","10,982.26","882.03M","1.87%"
"Sep 11, 2020","10,853.55","11,010.07","11,033.05","10,728.03","817.03M","-0.60%"
"Sep 10, 2020","10,919.59","11,235.53","11,299.53","10,875.02","898.02M","-1.99%"
"Sep 09, 2020","11,141.56","11,064.76","11,217.69","10,970.45","861.84M","2.71%"
"Sep 08, 2020","10,847.69","10,900.69","11,131.50","10,837.20","984.13M","-4.11%"
"Sep 04, 2020","11,313.13","11,396.24","11,531.18","10,875.87","1.02B","-1.27%"
"Sep 03, 2020","11,458.10","11,861.90","11,894.40","11,361.35","1.05B","-4.96%"
"Sep 02, 2020","12,056.44","12,047.26","12,074.07","11,836.18","903.54M","0.98%"
"Sep 01, 2020","11,939.67","11,850.96","11,945.72","11,794.78","812.61M","1.39%"
"Aug 31, 2020","11,775.46","11,718.81","11,829.84","11,697.42","940.53M","0.68%"
"Aug 28, 2020","11,695.63","11,689.28","11,708.77","11,634.77","694.25M","0.60%"
"Aug 27, 2020","11,625.34","11,688.19","11,730.01","11,551.01","773.52M","-0.34%"
"Aug 26, 2020","11,665.06","11,516.62","11,672.05","11,507.46","738.61M","1.73%"
"Aug 25, 2020","11,466.47","11,370.23","11,468.26","11,343.04","719.87M","0.76%"
"Aug 24, 2020","11,379.72","11,449.25","11,462.05","11,297.53","837.05M","0.60%"
"Aug 21, 2020","11,311.80","11,258.44","11,326.22","11,245.44","879.96M","0.42%"
"Aug 20, 2020","11,264.95","11,096.40","11,283.62","11,090.03","830.32M","1.06%"
"Aug 19, 2020","11,146.46","11,214.80","11,257.42","11,132.10","752.24M","-0.57%"
"Aug 18, 2020","11,210.84","11,170.75","11,230.61","11,103.83","736.48M","0.73%"
"Aug 17, 2020","11,129.73","11,083.25","11,144.53","11,080.30","741.24M","1.00%"
"Aug 14, 2020","11,019.30","11,042.24","11,058.44","10,972.06","729.02M","-0.21%"
"Aug 13, 2020","11,042.50","11,026.86","11,124.85","11,007.50","750.92M","0.27%"
"Aug 12, 2020","11,012.24","10,878.11","11,036.72","10,877.16","811.57M","2.13%"
"Aug 11, 2020","10,782.82","10,942.66","10,989.42","10,762.71","969.23M","-1.69%"
"Aug 10, 2020","10,968.36","11,033.73","11,040.24","10,849.46","894.84M","-0.39%"
"Aug 07, 2020","11,010.98","11,072.53","11,126.04","10,920.37","891.08M","-0.87%"
"Aug 06, 2020","11,108.07","10,989.98","11,121.19","10,963.41","876.41M","1.00%"
"Aug 05, 2020","10,998.40","10,967.87","11,002.11","10,943.72","887.01M","0.52%"
"Aug 04, 2020","10,941.17","10,897.89","10,941.91","10,852.90","886.04M","0.35%"
"Aug 03, 2020","10,902.80","10,848.64","10,927.56","10,831.15","904.39M","1.47%"
"Jul 31, 2020","10,745.27","10,741.47","10,747.80","10,557.70","1.09B","1.49%"
"Jul 30, 2020","10,587.81","10,450.12","10,609.59","10,412.09","897.26M","0.43%"
"Jul 29, 2020","10,542.94","10,474.70","10,567.91","10,464.00","878.49M","1.35%"
"Jul 28, 2020","10,402.09","10,509.20","10,523.64","10,397.87","811.00M","-1.27%"
"Jul 27, 2020","10,536.27","10,421.70","10,546.43","10,399.86","912.98M","1.67%"
"Jul 24, 2020","10,363.18","10,294.41","10,418.75","10,217.31","909.49M","-0.94%"
"Jul 23, 2020","10,461.42","10,689.50","10,728.12","10,407.87","990.59M","-2.29%"
"Jul 22, 2020","10,706.13","10,687.58","10,745.32","10,627.45","841.40M","0.24%"
"Jul 21, 2020","10,680.36","10,837.88","10,839.93","10,650.46","1.06B","-0.81%"
"Jul 20, 2020","10,767.09","10,526.02","10,783.80","10,488.04","937.33M","2.51%"
"Jul 17, 2020","10,503.19","10,500.52","10,532.62","10,421.20","951.84M","0.28%"
"Jul 16, 2020","10,473.83","10,443.87","10,499.79","10,364.39","873.49M","-0.73%"
"Jul 15, 2020","10,550.49","10,576.72","10,604.67","10,420.54","1.04B","0.59%"
"Jul 14, 2020","10,488.58","10,310.25","10,497.83","10,182.46","974.17M","0.94%"
"Jul 13, 2020","10,390.84","10,729.92","10,824.78","10,368.04","1.08B","-2.13%"
"Jul 10, 2020","10,617.44","10,545.91","10,622.35","10,447.01","781.92M","0.66%"
"Jul 09, 2020","10,547.75","10,563.72","10,578.10","10,379.91","901.21M","0.53%"
"Jul 08, 2020","10,492.50","10,409.35","10,494.64","10,350.96","901.93M","1.44%"
"Jul 07, 2020","10,343.89","10,412.46","10,518.98","10,337.98","946.99M","-0.86%"
"Jul 06, 2020","10,433.65","10,360.38","10,462.05","10,354.98","1.04B","2.21%"
"Jul 02, 2020","10,207.63","10,268.67","10,310.36","10,194.06","887.00M","0.52%"
"Jul 01, 2020","10,154.63","10,063.67","10,197.19","10,048.04","972.05M","0.95%"
"Jun 30, 2020","10,058.76","9,875.28","10,085.59","9,863.67","1.10B","1.87%"
"Jun 29, 2020","9,874.15","9,771.72","9,877.34","9,663.61","977.01M","1.20%"
"Jun 26, 2020","9,757.22","9,995.12","10,000.67","9,749.07","2.67B","-2.59%"
"Jun 25, 2020","10,017.00","9,899.36","10,023.28","9,810.47","1.06B","1.09%"
"Jun 24, 2020","9,909.17","10,092.92","10,137.50","9,842.22","1.26B","-2.19%"
"Jun 23, 2020","10,131.37","10,130.83","10,221.85","10,112.44","1.18B","0.74%"
"Jun 22, 2020","10,056.48","9,945.49","10,059.61","9,916.60","1.06B","1.11%"
"Jun 19, 2020","9,946.12","10,042.13","10,053.91","9,872.94","2.39B","0.03%"
"Jun 18, 2020","9,943.05","9,892.48","9,959.20","9,885.66","1.03B","0.33%"
"Jun 17, 2020","9,910.53","9,943.31","9,991.21","9,891.81","1.01B","0.15%"
"Jun 16, 2020","9,895.87","9,949.78","9,963.63","9,748.38","1.09B","1.75%"
"Jun 15, 2020","9,726.02","9,426.90","9,756.07","9,403.00","1.08B","1.43%"
"Jun 12, 2020","9,588.81","9,715.87","9,768.64","9,413.62","1.04B","1.01%"
"Jun 11, 2020","9,492.73","9,791.24","9,868.08","9,491.31","1.25B","-5.27%"
"Jun 10, 2020","10,020.35","10,012.32","10,086.89","9,962.58","1.11B","0.67%"
"Jun 09, 2020","9,953.75","9,867.19","10,002.50","9,863.27","1.12B","0.29%"
"Jun 08, 2020","9,924.75","9,823.44","9,927.12","9,780.61","1.34B","1.13%"
"Jun 05, 2020","9,814.08","9,703.54","9,845.69","9,685.35","1.44B","2.06%"
"Jun 04, 2020","9,615.81","9,649.65","9,716.14","9,560.41","1.29B","-0.69%"
"Jun 03, 2020","9,682.91","9,651.86","9,707.78","9,627.17","1.01B","0.78%"
"Jun 02, 2020","9,608.38","9,566.53","9,611.22","9,472.08","908.58M","0.59%"
"Jun 01, 2020","9,552.05","9,471.42","9,571.28","9,462.32","878.99M","0.66%"
"May 29, 2020","9,489.87","9,382.35","9,505.55","9,324.73","1.45B","1.29%"
"May 28, 2020","9,368.99","9,392.99","9,523.64","9,345.28","877.39M","-0.46%"
"May 27, 2020","9,412.36","9,346.12","9,414.62","9,144.28","951.52M","0.77%"
"May 26, 2020","9,340.22","9,501.21","9,501.21","9,333.16","967.90M","0.17%"
"May 22, 2020","9,324.59","9,278.55","9,328.28","9,239.41","746.03M","0.43%"
"May 21, 2020","9,284.88","9,375.19","9,405.25","9,254.85","785.34M","-0.97%"
"May 20, 2020","9,375.78","9,305.62","9,392.82","9,304.20","938.19M","2.08%"
"May 19, 2020","9,185.10","9,227.46","9,317.25","9,183.25","869.45M","-0.54%"
"May 18, 2020","9,234.83","9,177.15","9,267.22","9,154.35","968.79M","2.44%"
"May 15, 2020","9,014.56","8,839.99","9,018.40","8,821.38","1.03B","0.79%"
"May 14, 2020","8,943.72","8,788.04","8,945.71","8,705.25","883.25M","0.91%"
"May 13, 2020","8,863.17","9,006.05","9,074.16","8,752.68","952.96M","-1.55%"
"May 12, 2020","9,002.55","9,225.15","9,250.96","9,000.07","922.43M","-2.06%"
"May 11, 2020","9,192.34","9,054.91","9,241.92","9,053.17","878.43M","0.78%"
"May 08, 2020","9,121.32","9,056.89","9,125.98","9,018.21","824.61M","1.58%"
"May 07, 2020","8,979.66","8,973.78","9,015.99","8,932.85","831.29M","1.41%"
"May 06, 2020","8,854.39","8,874.70","8,933.25","8,819.37","782.81M","0.51%"
"May 05, 2020","8,809.12","8,809.66","8,909.96","8,781.31","834.18M","1.13%"
"May 04, 2020","8,710.72","8,555.32","8,715.82","8,537.83","806.28M","1.23%"
"May 01, 2020","8,604.95","8,681.29","8,754.46","8,566.84","868.79M","-3.20%"
"Apr 30, 2020","8,889.55","8,911.01","8,926.11","8,825.83","1.13B","-0.28%"
"Apr 29, 2020","8,914.71","8,802.70","8,957.26","8,765.01","1.03B","3.57%"
"Apr 28, 2020","8,607.73","8,825.68","8,830.57","8,600.70","846.78M","-1.40%"
"Apr 27, 2020","8,730.16","8,717.98","8,754.57","8,697.37","807.92M","1.11%"
"Apr 24, 2020","8,634.52","8,530.08","8,642.93","8,464.42","797.88M","1.65%"
"Apr 23, 2020","8,494.75","8,528.84","8,635.23","8,475.20","854.52M","-0.01%"
"Apr 22, 2020","8,495.38","8,434.55","8,537.31","8,404.54","733.43M","2.81%"
"Apr 21, 2020","8,263.23","8,460.69","8,480.29","8,215.69","881.56M","-3.48%"
"Apr 20, 2020","8,560.73","8,553.38","8,684.91","8,553.38","876.31M","-1.03%"
"Apr 17, 2020","8,650.14","8,667.48","8,670.30","8,531.69","1.06B","1.38%"
"Apr 16, 2020","8,532.36","8,479.11","8,560.16","8,393.27","919.56M","1.66%"
"Apr 15, 2020","8,393.18","8,355.96","8,464.66","8,308.79","794.06M","-1.44%"
"Apr 14, 2020","8,515.74","8,353.21","8,531.11","8,338.08","849.82M","3.95%"
"Apr 13, 2020","8,192.42","8,127.69","8,200.44","8,035.95","761.87M","0.48%"
"Apr 09, 2020","8,153.57","8,169.01","8,227.91","8,072.32","925.80M","0.77%"
"Apr 08, 2020","8,090.90","7,975.72","8,114.43","7,901.94","838.25M","2.58%"
"Apr 07, 2020","7,887.26","8,129.99","8,146.43","7,881.22","1.00B","-0.33%"
"Apr 06, 2020","7,913.24","7,660.17","7,938.33","7,617.79","980.15M","7.33%"
"Apr 03, 2020","7,373.08","7,477.27","7,518.72","7,288.11","836.10M","-1.53%"
"Apr 02, 2020","7,487.31","7,317.45","7,501.70","7,307.95","912.99M","1.72%"
"Apr 01, 2020","7,360.58","7,459.50","7,566.37","7,301.98","914.11M","-4.41%"
"Mar 31, 2020","7,700.10","7,740.06","7,880.31","7,642.86","1.10B","-0.95%"
"Mar 30, 2020","7,774.15","7,583.46","7,784.35","7,539.97","926.45M","3.62%"
"Mar 27, 2020","7,502.38","7,554.25","7,716.24","7,491.14","1.00B","-3.79%"
"Mar 26, 2020","7,797.54","7,462.21","7,809.82","7,462.21","1.01B","5.60%"
"Mar 25, 2020","7,384.30","7,421.36","7,671.21","7,276.40","1.19B","-0.45%"
"Mar 24, 2020","7,417.86","7,196.15","7,418.37","7,169.86","1.15B","8.12%"
"Mar 23, 2020","6,860.67","6,847.28","6,984.94","6,631.42","1.08B","-0.27%"
"Mar 20, 2020","6,879.52","7,248.07","7,354.44","6,854.67","1.64B","-3.79%"
"Mar 19, 2020","7,150.58","6,996.45","7,341.38","6,858.38","1.19B","2.30%"
"Mar 18, 2020","6,989.84","6,902.32","7,182.83","6,686.36","1.26B","-4.70%"
"Mar 17, 2020","7,334.78","6,904.59","7,406.23","6,828.91","1.29B","6.23%"
"Mar 16, 2020","6,904.59","7,392.73","7,422.20","6,882.86","1.27B","-12.32%"
"Mar 13, 2020","7,874.88","7,610.39","7,875.93","7,219.09","1.25B","9.35%"
"Mar 12, 2020","7,201.80","7,398.58","7,712.33","7,194.67","1.34B","-9.43%"
"Mar 11, 2020","7,952.05","8,136.25","8,181.36","7,850.94","1.06B","-4.70%"
"Mar 10, 2020","8,344.25","8,219.76","8,347.40","7,930.43","1.12B","4.95%"
"Mar 09, 2020","7,950.68","7,957.93","8,243.31","7,943.16","1.20B","-7.29%"
"Mar 06, 2020","8,575.62","8,469.01","8,612.36","8,375.13","1.05B","-1.86%"
"Mar 05, 2020","8,738.59","8,790.09","8,921.08","8,677.39","901.11M","-3.10%"
"Mar 04, 2020","9,018.09","8,834.10","9,019.96","8,757.66","878.06M","3.85%"
"Mar 03, 2020","8,684.09","8,965.10","9,070.32","8,602.89","1.10B","-2.99%"
"Mar 02, 2020","8,952.17","8,667.14","8,952.81","8,543.35","1.10B","4.49%"
"Feb 28, 2020","8,567.37","8,269.74","8,591.82","8,264.16","1.44B","0.01%"
"Feb 27, 2020","8,566.48","8,744.03","8,904.11","8,562.05","1.15B","-4.61%"
"Feb 26, 2020","8,980.77","9,011.55","9,148.32","8,927.80","870.35M","0.17%"
"Feb 25, 2020","8,965.61","9,301.20","9,315.26","8,940.49","871.82M","-2.77%"
"Feb 24, 2020","9,221.28","9,188.44","9,322.88","9,166.01","795.20M","-3.71%"
"Feb 21, 2020","9,576.59","9,708.01","9,715.95","9,542.33","699.67M","-1.79%"
"Feb 20, 2020","9,750.97","9,799.20","9,820.86","9,636.94","646.92M","-0.67%"
"Feb 19, 2020","9,817.18","9,782.81","9,838.37","9,777.10","580.07M","0.87%"
"Feb 18, 2020","9,732.74","9,679.04","9,747.68","9,675.80","555.31M","0.02%"
"Feb 14, 2020","9,731.18","9,728.90","9,746.36","9,693.05","536.34M","0.20%"
"Feb 13, 2020","9,711.97","9,657.04","9,748.32","9,650.02","545.84M","-0.14%"
"Feb 12, 2020","9,725.96","9,688.60","9,728.77","9,666.68","589.71M","0.90%"
"Feb 11, 2020","9,638.94","9,680.89","9,714.74","9,617.21","567.80M","0.11%"
"Feb 10, 2020","9,628.39","9,493.63","9,628.66","9,493.63","546.60M","1.13%"
"Feb 07, 2020","9,520.51","9,526.64","9,570.09","9,496.53","549.79M","-0.54%"
"Feb 06, 2020","9,572.15","9,540.98","9,575.66","9,505.68","582.67M","0.67%"
"Feb 05, 2020","9,508.68","9,574.10","9,574.93","9,454.93","625.91M","0.43%"
"Feb 04, 2020","9,467.97","9,398.39","9,485.38","9,374.05","607.83M","2.10%"
"Feb 03, 2020","9,273.40","9,190.72","9,299.85","9,188.55","623.27M","1.34%"
"Jan 31, 2020","9,150.94","9,324.33","9,324.80","9,123.22","695.77M","-1.59%"
"Jan 30, 2020","9,298.93","9,211.15","9,303.00","9,185.18","573.68M","0.26%"
"Jan 29, 2020","9,275.16","9,318.26","9,329.11","9,249.04","548.87M","0.06%"
"Jan 28, 2020","9,269.68","9,201.82","9,288.87","9,182.33","530.77M","1.43%"
"Jan 27, 2020","9,139.31","9,092.46","9,185.45","9,088.04","686.78M","-1.89%"
"Jan 24, 2020","9,314.91","9,446.20","9,451.43","9,273.23","629.46M","-0.93%"
"Jan 23, 2020","9,402.48","9,377.72","9,409.20","9,334.13","611.04M","0.20%"
"Jan 22, 2020","9,383.77","9,413.61","9,439.29","9,375.13","580.34M","0.14%"
"Jan 21, 2020","9,370.81","9,361.07","9,397.58","9,350.20","691.60M","-0.19%"
"Jan 17, 2020","9,388.94","9,392.37","9,393.48","9,346.81","659.47M","0.34%"
"Jan 16, 2020","9,357.13","9,313.44","9,357.92","9,301.32","567.15M","1.06%"
"Jan 15, 2020","9,258.69","9,253.76","9,298.82","9,231.14","584.77M","0.08%"
"Jan 14, 2020","9,251.33","9,270.61","9,298.33","9,226.49","624.22M","-0.24%"
"Jan 13, 2020","9,273.93","9,213.72","9,274.49","9,193.06","605.16M","1.04%"
"Jan 10, 2020","9,178.86","9,232.94","9,235.20","9,164.66","585.08M","-0.27%"
"Jan 09, 2020","9,203.43","9,202.27","9,215.95","9,158.50","601.33M","0.81%"
"Jan 08, 2020","9,129.24","9,068.03","9,168.89","9,059.38","595.81M","0.67%"
"Jan 07, 2020","9,068.58","9,076.65","9,091.93","9,042.55","552.23M","-0.03%"
"Jan 06, 2020","9,071.47","8,943.50","9,072.41","8,943.50","690.23M","0.56%"
"Jan 03, 2020","9,020.77","8,976.43","9,065.76","8,976.43","618.55M","-0.79%"
"Jan 02, 2020","9,092.19","9,039.46","9,093.43","9,010.89","654.95M","1.33%"
"Dec 31, 2019","8,972.60","8,918.74","8,975.35","8,912.77","554.99M","0.30%"
"Dec 30, 2019","8,945.99","9,004.45","9,006.36","8,909.19","483.98M","-0.67%"
"Dec 27, 2019","9,006.62","9,049.47","9,052.00","8,987.32","443.17M","-0.17%"
"Dec 26, 2019","9,022.39","8,970.21","9,022.46","8,968.45","394.33M","0.78%"
"Dec 24, 2019","8,952.88","8,955.01","8,957.12","8,934.36","248.97M","0.08%"
"Dec 23, 2019","8,945.65","8,950.20","8,956.64","8,934.55","510.23M","0.23%"
"Dec 20, 2019","8,924.95","8,911.84","8,931.91","8,901.87","1.60B","0.42%"
"Dec 19, 2019","8,887.22","8,838.97","8,888.13","8,838.97","629.57M","0.67%"
"Dec 18, 2019","8,827.74","8,834.65","8,848.76","8,820.42","680.42M","0.05%"
"Dec 17, 2019","8,823.36","8,829.47","8,831.99","8,804.60","594.89M","0.10%"
"Dec 16, 2019","8,814.23","8,791.31","8,833.45","8,789.77","632.71M","0.91%"
"Dec 13, 2019","8,734.88","8,713.91","8,768.87","8,697.58","543.98M","0.20%"
"Dec 12, 2019","8,717.32","8,645.36","8,745.82","8,633.60","588.22M","0.73%"
"Dec 11, 2019","8,654.05","8,631.12","8,658.48","8,622.35","486.22M","0.44%"
"Dec 10, 2019","8,616.18","8,623.56","8,650.76","8,600.82","515.36M","-0.07%"
"Dec 09, 2019","8,621.83","8,650.86","8,678.85","8,619.77","547.63M","-0.40%"
"Dec 06, 2019","8,656.53","8,634.25","8,665.44","8,630.58","527.65M","1.00%"
"Dec 05, 2019","8,570.70","8,587.93","8,588.89","8,541.92","536.69M","0.05%"
"Dec 04, 2019","8,566.67","8,557.44","8,584.88","8,552.38","571.97M","0.54%"
"Dec 03, 2019","8,520.64","8,460.72","8,523.98","8,435.40","599.92M","-0.55%"
"Dec 02, 2019","8,567.99","8,672.84","8,672.84","8,540.16","559.26M","-1.12%"
"Nov 29, 2019","8,665.47","8,682.01","8,697.33","8,664.03","303.12M","-0.46%"
"Nov 27, 2019","8,705.17","8,669.59","8,705.91","8,662.58","436.37M","0.66%"
"Nov 26, 2019","8,647.93","8,635.40","8,659.73","8,625.62","739.47M","0.18%"
"Nov 25, 2019","8,632.49","8,559.65","8,633.15","8,559.65","575.98M","1.32%"
"Nov 22, 2019","8,519.89","8,530.54","8,535.46","8,477.49","459.67M","0.16%"
"Nov 21, 2019","8,506.21","8,527.87","8,530.73","8,487.29","520.65M","-0.24%"
"Nov 20, 2019","8,526.73","8,543.57","8,578.27","8,468.63","771.51M","-0.51%"
"Nov 19, 2019","8,570.66","8,578.02","8,589.76","8,536.73","533.69M","0.24%"
"Nov 18, 2019","8,549.94","8,529.16","8,559.78","8,503.62","523.43M","0.11%"
"Nov 15, 2019","8,540.83","8,524.48","8,540.83","8,506.80","588.62M","0.73%"
"Nov 14, 2019","8,479.02","8,461.06","8,485.36","8,441.58","499.40M","-0.04%"
"Nov 13, 2019","8,482.10","8,455.02","8,496.90","8,451.34","521.49M","-0.05%"
"Nov 12, 2019","8,486.09","8,471.07","8,514.84","8,462.99","491.23M","0.26%"
"Nov 11, 2019","8,464.28","8,431.26","8,467.29","8,425.49","435.56M","-0.13%"
"Nov 08, 2019","8,475.31","8,422.67","8,475.57","8,405.89","508.33M","0.48%"
"Nov 07, 2019","8,434.52","8,455.11","8,483.16","8,415.87","618.39M","0.28%"
"Nov 06, 2019","8,410.63","8,426.57","8,426.57","8,379.33","584.19M","-0.29%"
"Nov 05, 2019","8,434.68","8,446.62","8,457.39","8,421.05","559.52M","0.02%"
"Nov 04, 2019","8,433.20","8,445.50","8,451.37","8,421.30","555.69M","0.56%"
"Nov 01, 2019","8,386.40","8,335.05","8,386.75","8,326.56","519.42M","1.13%"
"Oct 31, 2019","8,292.36","8,314.38","8,321.80","8,248.81","608.63M","-0.14%"
"Oct 30, 2019","8,303.98","8,284.28","8,315.50","8,241.70","484.37M","0.33%"
"Oct 29, 2019","8,276.85","8,313.35","8,319.29","8,275.14","468.38M","-0.59%"
"Oct 28, 2019","8,325.99","8,285.77","8,335.56","8,285.27","488.91M","1.01%"
"Oct 25, 2019","8,243.12","8,150.59","8,249.97","8,150.59","475.98M","0.70%"
"Oct 24, 2019","8,185.80","8,180.04","8,187.84","8,137.66","468.72M","0.81%"
"Oct 23, 2019","8,119.79","8,090.24","8,122.89","8,078.35","457.42M","0.19%"
"Oct 22, 2019","8,104.30","8,188.12","8,194.62","8,101.98","463.31M","-0.72%"
"Oct 21, 2019","8,162.99","8,137.42","8,164.14","8,117.26","482.28M","0.91%"
"Oct 18, 2019","8,089.54","8,149.85","8,157.36","8,045.38","559.75M","-0.83%"
"Oct 17, 2019","8,156.85","8,176.91","8,183.64","8,131.25","488.85M","0.40%"
"Oct 16, 2019","8,124.18","8,119.81","8,146.15","8,103.38","470.30M","-0.30%"
"Oct 15, 2019","8,148.71","8,074.85","8,166.18","8,071.81","447.40M","1.24%"
"Oct 14, 2019","8,048.65","8,044.35","8,069.85","8,036.41","380.78M","-0.10%"
"Oct 11, 2019","8,057.04","8,047.34","8,115.80","8,046.80","549.19M","1.34%"
"Oct 10, 2019","7,950.77","7,904.56","7,982.85","7,899.81","451.97M","0.60%"
"Oct 09, 2019","7,903.73","7,895.96","7,930.91","7,873.52","391.06M","1.02%"
"Oct 08, 2019","7,823.76","7,898.27","7,921.88","7,823.73","478.69M","-1.67%"
"Oct 07, 2019","7,956.28","7,956.41","8,013.31","7,942.08","477.67M","-0.33%"
"Oct 04, 2019","7,982.46","7,908.44","7,986.62","7,899.39","443.55M","1.40%"
"Oct 03, 2019","7,872.25","7,787.02","7,872.27","7,700.00","518.32M","1.12%"
"Oct 02, 2019","7,785.23","7,851.13","7,852.70","7,744.95","629.68M","-1.56%"
"Oct 01, 2019","7,908.67","8,026.83","8,062.50","7,906.29","541.53M","-1.13%"
"Sep 30, 2019","7,999.33","7,964.09","8,012.16","7,949.63","510.05M","0.75%"
"Sep 27, 2019","7,939.63","8,047.11","8,051.83","7,890.28","527.85M","-1.13%"
"Sep 26, 2019","8,030.66","8,070.12","8,072.11","7,991.02","472.49M","-0.58%"
"Sep 25, 2019","8,077.38","7,990.66","8,095.00","7,935.57","532.51M","1.05%"
"Sep 24, 2019","7,993.63","8,147.23","8,158.84","7,969.65","608.62M","-1.46%"
"Sep 23, 2019","8,112.46","8,106.49","8,135.81","8,085.34","473.44M","-0.06%"
"Sep 20, 2019","8,117.67","8,184.88","8,202.82","8,086.16","1.52B","-0.80%"
"Sep 19, 2019","8,182.88","8,193.59","8,237.43","8,174.32","492.92M","0.07%"
"Sep 18, 2019","8,177.39","8,174.62","8,179.87","8,086.22","542.24M","-0.11%"
"Sep 17, 2019","8,186.02","8,148.65","8,188.23","8,139.82","471.62M","0.40%"
"Sep 16, 2019","8,153.54","8,121.64","8,165.32","8,121.25","483.84M","-0.28%"
"Sep 13, 2019","8,176.71","8,190.57","8,210.20","8,165.47","495.64M","-0.22%"
"Sep 12, 2019","8,194.47","8,206.58","8,243.80","8,176.73","557.77M","0.30%"
"Sep 11, 2019","8,169.68","8,091.68","8,169.68","8,081.56","595.76M","1.06%"
"Sep 10, 2019","8,084.15","8,049.98","8,086.53","8,001.69","609.35M","-0.04%"
"Sep 09, 2019","8,087.44","8,130.91","8,131.65","8,052.35","573.75M","-0.19%"
"Sep 06, 2019","8,103.07","8,125.58","8,134.39","8,098.52","478.40M","-0.17%"
"Sep 05, 2019","8,116.83","8,061.29","8,134.42","8,061.29","542.83M","1.75%"
"Sep 04, 2019","7,976.88","7,949.81","7,981.41","7,928.94","509.99M","1.30%"
"Sep 03, 2019","7,874.16","7,906.44","7,940.37","7,847.32","512.49M","-1.11%"
"Aug 30, 2019","7,962.88","8,015.16","8,017.91","7,914.74","467.01M","-0.13%"
"Aug 29, 2019","7,973.39","7,945.78","7,992.29","7,925.83","434.25M","1.48%"
"Aug 28, 2019","7,856.88","7,798.35","7,866.87","7,766.67","420.87M","0.38%"
"Aug 27, 2019","7,826.95","7,908.78","7,916.83","7,795.18","532.80M","-0.34%"
"Aug 26, 2019","7,853.73","7,829.58","7,856.04","7,789.05","446.37M","1.32%"
"Aug 23, 2019","7,751.77","7,943.65","8,005.34","7,730.77","598.42M","-3.00%"
"Aug 22, 2019","7,991.39","8,038.79","8,048.58","7,937.12","456.70M","-0.36%"
"Aug 21, 2019","8,020.21","8,017.07","8,036.94","7,998.50","428.16M","0.90%"
"Aug 20, 2019","7,948.56","7,989.36","8,010.58","7,948.09","452.71M","-0.68%"
"Aug 19, 2019","8,002.81","8,006.18","8,026.75","7,974.36","500.92M","1.35%"
"Aug 16, 2019","7,895.99","7,828.35","7,907.52","7,828.35","543.84M","1.67%"
"Aug 15, 2019","7,766.62","7,790.20","7,805.93","7,716.55","539.47M","-0.09%"
"Aug 14, 2019","7,773.94","7,877.33","7,900.28","7,762.87","637.26M","-3.02%"
"Aug 13, 2019","8,016.36","7,863.41","8,065.24","7,851.58","604.20M","1.95%"
"Aug 12, 2019","7,863.41","7,907.49","7,924.99","7,833.79","536.97M","-1.20%"
"Aug 09, 2019","7,959.14","7,997.19","8,020.56","7,910.35","568.09M","-1.00%"
"Aug 08, 2019","8,039.16","7,921.59","8,041.12","7,896.15","659.54M","2.24%"
"Aug 07, 2019","7,862.83","7,747.27","7,881.38","7,702.42","615.18M","0.38%"
"Aug 06, 2019","7,833.27","7,804.51","7,845.01","7,739.57","564.77M","1.39%"
"Aug 05, 2019","7,726.04","7,823.33","7,836.45","7,662.90","699.01M","-3.47%"
"Aug 02, 2019","8,004.07","8,056.42","8,068.80","7,953.67","584.30M","-1.32%"
"Aug 01, 2019","8,111.12","8,190.56","8,311.04","8,080.52","703.64M","-0.79%"
"Jul 31, 2019","8,175.42","8,290.80","8,299.83","8,110.02","758.73M","-1.19%"
"Jul 30, 2019","8,273.61","8,231.77","8,295.46","8,228.02","510.52M","-0.24%"
"Jul 29, 2019","8,293.33","8,325.10","8,325.28","8,247.37","511.48M","-0.44%"
"Jul 26, 2019","8,330.21","8,294.30","8,339.64","8,291.12","529.37M","1.11%"
"Jul 25, 2019","8,238.54","8,294.68","8,295.95","8,233.40","535.59M","-1.00%"
"Jul 24, 2019","8,321.50","8,227.36","8,321.81","8,226.50","528.51M","0.85%"
"Jul 23, 2019","8,251.40","8,242.50","8,251.83","8,193.89","474.75M","0.58%"
"Jul 22, 2019","8,204.14","8,171.99","8,218.42","8,171.54","491.48M","0.71%"
"Jul 19, 2019","8,146.49","8,241.34","8,245.78","8,144.63","520.02M","-0.74%"
"Jul 18, 2019","8,207.24","8,151.76","8,215.58","8,135.12","487.19M","0.27%"
"Jul 17, 2019","8,185.21","8,224.00","8,230.67","8,184.66","473.28M","-0.46%"
"Jul 16, 2019","8,222.80","8,251.66","8,259.75","8,204.23","473.99M","-0.43%"
"Jul 15, 2019","8,258.18","8,263.18","8,264.78","8,236.27","470.85M","0.17%"
"Jul 12, 2019","8,244.14","8,209.20","8,245.66","8,201.52","500.70M","0.59%"
"Jul 11, 2019","8,196.04","8,219.28","8,226.18","8,171.63","483.49M","-0.08%"
"Jul 10, 2019","8,202.53","8,183.19","8,228.60","8,160.56","508.18M","0.75%"
"Jul 09, 2019","8,141.73","8,061.41","8,146.98","8,061.32","468.36M","0.54%"
"Jul 08, 2019","8,098.38","8,112.91","8,112.91","8,078.39","511.73M","-0.78%"
"Jul 05, 2019","8,161.79","8,123.28","8,171.97","8,093.66","425.69M","-0.10%"
"Jul 03, 2019","8,170.23","8,129.57","8,170.23","8,122.34","408.20M","0.75%"
"Jul 02, 2019","8,109.09","8,086.65","8,109.37","8,063.10","488.38M","0.22%"
"Jul 01, 2019","8,091.16","8,145.85","8,150.45","8,059.29","583.42M","1.06%"
"Jun 28, 2019","8,006.24","7,988.76","8,010.15","7,961.46","1.76B","0.48%"
"Jun 27, 2019","7,967.76","7,939.36","7,976.58","7,935.47","523.93M","0.73%"
"Jun 26, 2019","7,909.97","7,933.93","7,974.28","7,903.07","537.92M","0.32%"
"Jun 25, 2019","7,884.72","8,005.27","8,007.31","7,879.15","547.78M","-1.51%"
"Jun 24, 2019","8,005.70","8,040.58","8,047.56","8,004.63","528.18M","-0.32%"
"Jun 21, 2019","8,031.71","8,028.69","8,073.02","8,011.20","1.20B","-0.24%"
"Jun 20, 2019","8,051.34","8,087.45","8,088.88","7,996.87","528.69M","0.80%"
"Jun 19, 2019","7,987.32","7,970.26","7,998.59","7,930.38","536.80M","0.42%"
"Jun 18, 2019","7,953.88","7,920.98","8,005.21","7,911.67","567.69M","1.39%"
"Jun 17, 2019","7,845.02","7,819.43","7,865.98","7,812.61","502.92M","0.62%"
"Jun 14, 2019","7,796.66","7,807.19","7,819.21","7,778.12","465.37M","-0.52%"
"Jun 13, 2019","7,837.13","7,822.56","7,848.36","7,813.60","460.87M","0.57%"
"Jun 12, 2019","7,792.72","7,803.13","7,819.16","7,773.97","481.74M","-0.38%"
"Jun 11, 2019","7,822.57","7,901.04","7,909.99","7,798.63","534.58M","-0.01%"
"Jun 10, 2019","7,823.17","7,798.87","7,895.44","7,795.76","522.20M","1.05%"
"Jun 07, 2019","7,742.10","7,652.97","7,767.02","7,647.91","516.84M","1.66%"
"Jun 06, 2019","7,615.55","7,582.24","7,634.12","7,546.22","542.41M","0.53%"
"Jun 05, 2019","7,575.48","7,585.68","7,589.47","7,498.17","537.32M","0.64%"
"Jun 04, 2019","7,527.12","7,413.94","7,529.50","7,385.02","619.53M","2.65%"
"Jun 03, 2019","7,333.02","7,441.22","7,457.66","7,292.22","658.41M","-1.61%"
"May 31, 2019","7,453.15","7,470.95","7,506.86","7,448.23","590.43M","-1.51%"
"May 30, 2019","7,567.72","7,565.46","7,595.90","7,527.66","454.61M","0.27%"
"May 29, 2019","7,547.31","7,553.02","7,581.11","7,503.94","579.48M","-0.79%"
"May 28, 2019","7,607.35","7,655.66","7,693.74","7,603.76","785.60M","-0.39%"
"May 24, 2019","7,637.01","7,675.57","7,694.15","7,631.25","422.81M","0.11%"
"May 23, 2019","7,628.28","7,660.72","7,665.15","7,585.32","597.20M","-1.58%"
"May 22, 2019","7,750.84","7,749.81","7,786.33","7,738.35","466.48M","-0.45%"
"May 21, 2019","7,785.72","7,765.57","7,804.44","7,752.92","500.28M","1.08%"
"May 20, 2019","7,702.38","7,714.06","7,747.27","7,678.35","551.65M","-1.46%"
"May 17, 2019","7,816.28","7,829.03","7,918.71","7,810.35","579.07M","-1.04%"
"May 16, 2019","7,898.05","7,832.58","7,946.23","7,826.67","532.35M","0.97%"
"May 15, 2019","7,822.15","7,682.80","7,838.72","7,682.24","503.47M","1.13%"
"May 14, 2019","7,734.49","7,689.66","7,776.20","7,665.30","525.13M","1.14%"
"May 13, 2019","7,647.02","7,720.07","7,760.83","7,627.23","650.13M","-3.41%"
"May 10, 2019","7,916.94","7,881.31","7,949.34","7,759.34","587.10M","0.08%"
"May 09, 2019","7,910.59","7,853.21","7,929.78","7,796.16","620.65M","-0.41%"
"May 08, 2019","7,943.32","7,946.24","8,004.49","7,923.35","558.26M","-0.26%"
"May 07, 2019","7,963.76","8,043.52","8,070.97","7,899.02","617.48M","-1.96%"
"May 06, 2019","8,123.29","7,981.85","8,135.54","7,981.85","518.37M","-0.50%"
"May 03, 2019","8,164.00","8,092.88","8,164.71","8,084.80","524.43M","1.58%"
"May 02, 2019","8,036.77","8,046.48","8,094.06","7,976.77","540.17M","-0.16%"
"May 01, 2019","8,049.64","8,132.93","8,146.00","8,048.23","578.26M","-0.57%"
"Apr 30, 2019","8,095.39","8,104.91","8,124.61","8,050.55","582.27M","-0.81%"
"Apr 29, 2019","8,161.85","8,147.65","8,176.08","8,136.41","446.01M","0.19%"
"Apr 26, 2019","8,146.40","8,100.28","8,146.42","8,060.89","504.72M","0.34%"
"Apr 25, 2019","8,118.68","8,150.85","8,151.85","8,075.41","534.96M","0.21%"
"Apr 24, 2019","8,102.02","8,122.88","8,139.55","8,101.70","506.59M","-0.23%"
"Apr 23, 2019","8,120.82","8,026.74","8,128.88","8,023.81","513.60M","1.32%"
"Apr 22, 2019","8,015.27","7,969.37","8,017.15","7,965.90","445.01M","0.22%"